model_name,model_family,img_size_ref,flops,macs,params,activation_bytes,peak_activation,num_ops,depth,arithmetic_intensity,op_conv3x3_n,op_conv3x3_flops,op_conv3x3_act,op_conv1x1_n,op_conv1x1_flops,op_conv1x1_act,op_depthwise_conv_n,op_depthwise_conv_flops,op_depthwise_conv_act,op_linear_n,op_linear_flops,op_linear_act,op_attention_n,op_attention_flops,op_attention_act,op_pool_n,op_pool_flops,op_pool_act,op_upsample_n,op_upsample_flops,op_upsample_act,op_norm_n,op_norm_flops,op_norm_act,op_activation_silu_n,op_activation_silu_flops,op_activation_silu_act,op_activation_relu_n,op_activation_relu_flops,op_activation_relu_act,op_activation_gelu_n,op_activation_gelu_flops,op_activation_gelu_act,op_norm_bn_n,op_norm_bn_flops,op_norm_bn_act,op_norm_ln_n,op_norm_ln_flops,op_norm_ln_act
convnext_base,convnext,224,30709561344.0,15354780672.0,88533224.0,419901344,6422528,377,377,73.13518230606093,4,655097856.0,3010560,0,0.0,0,36,457304064.0,18665472,73,29597057024.0,93331360,0,0.0,0,1,0.0,4096,0,0.0,0,,,,0,0.0,0,0,0.0,0,0,0.0,0,0.0,0.0,0.0,41.0,0.0,23085056.0
convnext_large,convnext,224,68723020800.0,34361510400.0,197679976.0,629850016,9633792,377,377,109.11013583271863,4,1445068800.0,4515840,0,0.0,0,36,685956096.0,27998208,73,66591842304.0,139995040,0,0.0,0,1,0.0,6144,0,0.0,0,,,,0,0.0,0,0,0.0,0,0,0.0,0,0.0,0.0,0.0,41.0,0.0,34627584.0
convnext_small,convnext,224,17367501312.0,8683750656.0,50180008.0,314927008,4816896,377,377,55.14770366090672,4,375717888.0,2257920,0,0.0,0,36,342978048.0,13999104,73,16648728576.0,69999520,0,0.0,0,1,0.0,3072,0,0.0,0,,,,0,0.0,0,0,0.0,0,0,0.0,0,0.0,0.0,0.0,41.0,0.0,17313792.0
convnext_tiny,convnext,224,8911139328.0,4455569664.0,28566184.0,195708832,4816896,197,197,45.5326376277183,4,375717888.0,2257920,0,0.0,0,18,210212352.0,8580096,37,8325132288.0,42904480,0,0.0,0,1,0.0,3072,0,0.0,0,,,,0,0.0,0,0,0.0,0,0,0.0,0,0.0,0.0,0.0,23.0,0.0,11894784.0
deeplabv3_mobilenet_v3_large,deeplabv3,640,31087370800.0,15543685400.0,11025477.0,526943776,26214400,187,187,58.99561246549385,5,23209574400.0,13107200,50,7038795520.0,111515744,15,455808000.0,57600000,0,0.0,0,0,0.0,0,9,0.0,20064,0,0.0,0,,,,0,0.0,0,26,0.0,85406720,0,0.0,0,53.0,0.0,182068224.0,0.0,0.0,0.0
deeplabv3_resnet101,deeplabv3,640,756702648320.0,378351324160.0,58630997.0,4486488064,52428800,333,333,168.66257917676253,38,468123648000.0,275251200,74,285492248576.0,1255553024,0,0.0,0,0,0.0,0,0,0.0,0,2,0.0,6561792,0,0.0,0,,,,0,0.0,0,107,0.0,1412301824,0,0.0,0,111.0,0.0,1530266624.0,0.0,0.0,0.0
deeplabv3_resnet50,deeplabv3,640,512934942720.0,256467471360.0,39638869.0,2481086464,52428800,180,180,206.7380360026018,21,339777945600.0,163840000,40,171407179776.0,698497024,0,0.0,0,0,0.0,0,0,0.0,0,2,0.0,6561792,0,0.0,0,,,,0,0.0,0,56,0.0,743834624,0,0.0,0,60.0,0.0,861799424.0,0.0,0.0,0.0
deit3_large_patch16_224,deit,224,119294345216.0,59647172608.0,304023528.0,624553888,3227648,441,441,191.00728937580482,1,308281344.0,802816,0,0.0,0,0,0.0,0,49,79324725248.0,96833440,48,39661338624.0,77463552,0,0.0,0,0,0.0,0,,,,0,0.0,0,0,0.0,0,24,0.0,77463552,0.0,0.0,0.0,49.0,0.0,39538688.0
deit_base_patch16_224,deit,224,33697001472.0,16848500736.0,86377192.0,236025760,2420736,225,225,142.76832101716354,1,231211008.0,602112,0,0.0,0,0,0.0,0,25,22311038976.0,36315040,24,11154751488.0,29048832,0,0.0,0,0,0.0,0,,,,0,0.0,0,0,0.0,0,12,0.0,29048832,0.0,0.0,0.0,25.0,0.0,15129600.0
deit_base_patch16_384,deit,224,33697001472.0,16848500736.0,86377192.0,236025760,2420736,225,225,142.76832101716354,1,231211008.0,602112,0,0.0,0,0,0.0,0,25,22311038976.0,36315040,24,11154751488.0,29048832,0,0.0,0,0,0.0,0,,,,0,0.0,0,0,0.0,0,12,0.0,29048832,0.0,0.0,0.0,25.0,0.0,15129600.0
deit_small_patch16_224,deit,224,8482437120.0,4241218560.0,21955432.0,118014880,1210368,225,225,71.87599665398126,1,115605504.0,301056,0,0.0,0,0,0.0,0,25,5578143744.0,18159520,24,2788687872.0,14524416,0,0.0,0,0,0.0,0,,,,0,0.0,0,0,0.0,0,12,0.0,14524416,0.0,0.0,0.0,25.0,0.0,7564800.0
facebook/detr-resnet-101,detr,800,212181401600.0,106090700800.0,60282816.0,2759116800,40960000,516,516,76.90192803726178,34,100331520000.0,154880000,71,99287040000.0,673920000,0,0.0,0,48,10262937600.0,48998400,48,2280652800.0,17817600,1,0.0,10240000,0,0.0,0,,,,0,0.0,0,112,0.0,786995200,0,0.0,0,0.0,0.0,0.0,31.0,0.0,9625600.0
facebook/detr-resnet-50,detr,800,117481881600.0,58740940800.0,41342912.0,1888716800,40960000,329,329,62.201957223020415,17,50196480000.0,111360000,37,54722560000.0,456320000,0,0.0,0,48,10262937600.0,48998400,48,2280652800.0,17817600,1,0.0,10240000,0,0.0,0,,,,0,0.0,0,61,0.0,525875200,0,0.0,0,0.0,0.0,0.0,31.0,0.0,9625600.0
efficientnet_b0,efficientnet,224,771757504.0,385878752.0,5246532.0,91007872,4816896,239,239,8.480118115496646,1,21676032.0,1605632,64,678329344.0,16156400,16,69064128.0,9226112,1,2560000.0,4000,0,0.0,0,1,0.0,5120,0,0.0,0,,,,49,0.0,24631664,0,0.0,0,0,0.0,0,0.0,0.0,0.0,0.0,0.0,0.0
efficientnet_b1,efficientnet,224,1139431360.0,569715680.0,7732136.0,128628256,4816896,341,341,8.858328608606806,1,21676032.0,1605632,91,1012059136.0,21720128,23,103008192.0,14093184,1,2560000.0,4000,0,0.0,0,1,0.0,5120,0,0.0,0,,,,69,0.0,33563776,0,0.0,0,0,0.0,0,0.0,0.0,0.0,0.0,0.0,0.0
efficientnet_b3,efficientnet,224,1925570080.0,962785040.0,12145936.0,178883456,7225344,386,386,10.764383264151604,1,27095040.0,2007040,103,1751800960.0,30483840,26,143448480.0,19534144,1,3072000.0,4000,0,0.0,0,1,0.0,6144,0,0.0,0,,,,78,0.0,46550912,0,0.0,0,0,0.0,0,0.0,0.0,0.0,0.0,0.0,0.0
efficientnet_b4,efficientnet,224,3007600064.0,1503800032.0,19216416.0,235773664,7225344,476,476,12.756302010049774,1,32514048.0,2408448,127,2766567104.0,38902208,32,204755712.0,26869248,1,3584000.0,4000,0,0.0,0,1,0.0,7168,0,0.0,0,,,,96,0.0,61470304,0,0.0,0,0,0.0,0,0.0,0.0,0.0,0.0,0.0,0.0
efficientnet_b5,efficientnet,224,4713191168.0,2356595584.0,30217048.0,326571616,7225344,578,578,14.432335625886115,1,32514048.0,2408448,154,4390166144.0,52924480,39,286210176.0,38347008,1,4096000.0,4000,0,0.0,0,1,0.0,8192,0,0.0,0,,,,116,0.0,83894528,0,0.0,0,0,0.0,0,0.0,0.0,0.0,0.0,0.0,0.0
fasterrcnn_mobilenet_v3_large_320_fpn,fasterrcnn,640,5820142512.0,2910071256.0,19410754.0,113360164,7526400,187,187,51.34204385942843,6,523468800.0,2073600,54,839456000.0,23281420,15,75072000.0,11289600,4,4307865600.0,1501800,0,0.0,0,8,0.0,16224,0,0.0,0,,,,0,0.0,0,22,0.0,19127296,0,0.0,0,46.0,0.0,35916800.0,0.0,0.0,0.0
fasterrcnn_mobilenet_v3_large_fpn,fasterrcnn,640,38170496624.0,19085248312.0,19410754.0,712010292,50176000,187,187,53.60947313946973,6,3286720512.0,12973056,54,5231264000.0,145406020,15,469200000.0,70560000,4,28719104000.0,10012000,0,0.0,0,8,0.0,16224,0,0.0,0,,,,0,0.0,0,22,0.0,119537152,0,0.0,0,46.0,0.0,224480000.0,0.0,0.0,0.0
fasterrcnn_resnet50_fpn,fasterrcnn,640,255677565952.0,127838782976.0,41808406.0,1943229860,54573056,192,192,131.5735061584531,26,175733440512.0,220333056,50,64306897920.0,513277640,0,0.0,0,4,14503147520.0,5056060,0,0.0,0,1,0.0,10240000,0,0.0,0,,,,0,0.0,0,54,0.0,544813056,0,0.0,0,53.0,0.0,567040000.0,0.0,0.0,0.0
fasterrcnn_resnet50_fpn_v2,fasterrcnn,640,562494546944.0,281247273472.0,43712278.0,2843257032,54573056,223,223,197.83457514156953,35,469812609024.0,475610112,50,64306897920.0,513277640,0,0.0,0,3,26621952000.0,5916000,0,0.0,0,1,0.0,10240000,0,0.0,0,,,,0,0.0,0,64,0.0,804186112,0,0.0,0,65.0,0.0,876544000.0,0.0,0.0,0.0
fcn_resnet101,fcn,640,677838848000.0,338919424000.0,51949141.0,4414387200,52428800,314,314,153.5521958744353,35,400175923200.0,262144000,71,274654822400.0,1242444800,0,0.0,0,0,0.0,0,0,0.0,0,1,0.0,6553600,0,0.0,0,,,,0,0.0,0,101,0.0,1386086400,0,0.0,0,105.0,0.0,1504051200.0,0.0,0.0,0.0
fcn_resnet50,fcn,640,434071142400.0,217035571200.0,32957013.0,2408985600,52428800,161,161,180.18835081455032,18,271830220800.0,150732800,37,160569753600.0,685388800,0,0.0,0,0,0.0,0,0,0.0,0,1,0.0,6553600,0,0.0,0,,,,0,0.0,0,50,0.0,717619200,0,0.0,0,54.0,0.0,835584000.0,0.0,0.0,0.0
keypointrcnn_resnet50_fpn,keypointrcnn,640,968074335232.0,484037167616.0,59190378.0,2638897320,54573056,210,210,366.8480497119153,34,869366464512.0,541459456,50,64306897920.0,513277640,0,0.0,0,4,27807744000.0,8232000,0,0.0,0,1,0.0,10240000,0,0.0,0,,,,0,0.0,0,62,0.0,865939456,0,0.0,0,53.0,0.0,567040000.0,0.0,0.0,0.0
lraspp_mobilenet_v3_large,lraspp,640,6534162992.0,3267081496.0,3221538.0,499210528,26214400,171,171,13.088992770601184,1,88473600.0,6553600,50,5624712960.0,109998432,15,455808000.0,57600000,0,0.0,0,0,0.0,0,9,0.0,20064,0,0.0,0,,,,0,0.0,0,20,0.0,76394496,0,0.0,0,47.0,0.0,173056000.0,0.0,0.0,0.0
maskrcnn_resnet50_fpn,maskrcnn,640,368236715008.0,184118357504.0,44454513.0,2325844492,80281600,204,204,158.3238760263599,30,268217843712.0,300614656,51,67959710720.0,541815240,0,0.0,0,4,20649035776.0,7198628,0,0.0,0,1,0.0,10240000,0,0.0,0,,,,0,0.0,0,59,0.0,705376256,0,0.0,0,53.0,0.0,567040000.0,0.0,0.0,0.0
maskrcnn_resnet50_fpn_v2,maskrcnn,640,669068370944.0,334534185472.0,46359409.0,3293273032,80281600,239,239,203.1621321532748,39,562297012224.0,555891712,51,67959710720.0,541815240,0,0.0,0,3,26621952000.0,5916000,0,0.0,0,1,0.0,10240000,0,0.0,0,,,,0,0.0,0,69,0.0,964749312,0,0.0,0,69.0,0.0,956825600.0,0.0,0.0,0.0
resnet101,resnet,224,15732871168.0,7866435584.0,44549160.0,207447968,3211264,378,378,75.84008327331507,34,7865991168.0,12142592,70,7732723712.0,52785152,0,0.0,0,1,4096000.0,4000,0,0.0,0,2,0.0,811008,0,0.0,0,,,,0,0.0,0,100,0.0,58906624,0,0.0,0,104.0,0.0,64927744.0,0.0,0.0,0.0
resnet152,resnet,224,23207890944.0,11603945472.0,60192808.0,291743648,3211264,565,565,79.5489159853105,51,11796578304.0,16357376,104,11226578944.0,73859072,0,0.0,0,1,4096000.0,4000,0,0.0,0,2,0.0,811008,0,0.0,0,,,,0,0.0,0,151,0.0,84195328,0,0.0,0,155.0,0.0,90216448.0,0.0,0.0,0.0
resnet18,resnet,224,3648067584.0,1824033792.0,11689512.0,35934112,3211264,77,77,101.52101668743059,17,3588587520.0,9232384,3,38535168.0,702464,0,0.0,0,1,1024000.0,4000,0,0.0,0,2,0.0,804864,0,0.0,0,,,,0,0.0,0,17,0.0,9232384,0,0.0,0,20.0,0.0,9934848.0,0.0,0.0,0.0
resnet50,resnet,224,8267485184.0,4133742592.0,25557032.0,139208608,3211264,191,191,59.38918076100581,17,3935404032.0,8730624,36,4238868480.0,35725312,0,0.0,0,1,4096000.0,4000,0,0.0,0,2,0.0,811008,0,0.0,0,,,,0,0.0,0,49,0.0,38434816,0,0.0,0,53.0,0.0,44455936.0,0.0,0.0,0.0
resnext50_32x4d,resnet,224,8576368640.0,4288184320.0,25028904.0,189685664,3211264,191,191,45.21358366861082,17,698449920.0,14249984,36,7758413824.0,43352064,0,0.0,0,1,4096000.0,4000,0,0.0,0,2,0.0,811008,0,0.0,0,,,,0,0.0,0,49,0.0,51580928,0,0.0,0,53.0,0.0,57602048.0,0.0,0.0,0.0
rtdetr-l.pt,rtdetr,640,108343705600.0,54171852800.0,31005020.0,1167336000,13107200,515,515,92.81278535057601,30,52802355200.0,113049600,65,42598400000.0,174899200,27,359424000.0,33996800,50,4798259200.0,32513600,24,7107379200.0,55526400,1,0.0,13107200,2,0.0,8192000,,,,24,0.0,55296000,59,0.0,192102400,1,0.0,1638400,122.0,0.0,321945600.0,21.0,0.0,14950400.0
rtdetr-x.pt,rtdetr,640,232684544000.0,116342272000.0,65174204.0,1789928000,19660800,665,665,129.99659427641782,36,126530355200.0,163840000,91,91566899200.0,284876800,45,774144000.0,67174400,50,5637120000.0,34356800,24,7107379200.0,55526400,1,0.0,13107200,2,0.0,12288000,,,,24,0.0,82944000,91,0.0,305561600,1,0.0,3276800,172.0,0.0,515891200.0,21.0,0.0,15360000.0
nvidia/segformer-b0-finetuned-ade-512-512,segformer,512,4376756224.0,2188378112.0,3319392.0,283508736,16777216,152,152,15.437817845584837,10,921698304.0,4587520,0,0.0,0,8,146276352.0,32505856,16,2449473536.0,40632320,32,809500672.0,18350080,0,0.0,0,0,0.0,0,,,,0,0.0,0,0,0.0,0,0,0.0,0,0.0,0.0,0.0,30.0,0.0,24903680.0
nvidia/segformer-b1-finetuned-ade-512-512,segformer,512,16806576128.0,8403288064.0,13151424.0,502005760,16777216,152,152,33.478851174934725,10,3378511872.0,9175040,0,0.0,0,8,292552704.0,65011712,16,9797894144.0,81264640,32,3238002688.0,36700160,0,0.0,0,0,0.0,0,,,,0,0.0,0,0,0.0,0,0,0.0,0,0.0,0.0,0.0,30.0,0.0,49807360.0
nvidia/segformer-b2-finetuned-ade-512-512,segformer,512,32845725696.0,16422862848.0,24196288.0,920125440,16777216,294,294,35.697008547008544,17,4620025856.0,10813440,0,0.0,0,16,547356672.0,121634816,32,20803747840.0,152043520,64,6715080704.0,69337088,0,0.0,0,0,0.0,0,,,,0,0.0,0,0,0.0,0,0,0.0,0,0.0,0.0,0.0,53.0,0.0,79757312.0
nvidia/segformer-b3-finetuned-ade-512-512,segformer,512,62140317696.0,31070158848.0,44072128.0,1391984640,16777216,510,510,44.641525423728815,29,7136608256.0,14745600,0,0.0,0,28,830472192.0,184549376,56,40936407040.0,230686720,112,13006536704.0,108658688,0,0.0,0,0,0.0,0,,,,0,0.0,0,0,0.0,0,0,0.0,0,0.0,0.0,0.0,89.0,0.0,115146752.0
nvidia/segformer-b4-finetuned-ade-512-512,segformer,512,90269548544.0,45134774272.0,60842688.0,1991245824,16777216,744,744,45.33320168509742,42,9560915968.0,18219008,0,0.0,0,41,1193803776.0,265289728,82,60330868736.0,331612160,164,18865979392.0,155975680,0,0.0,0,0,0.0,0,,,,0,0.0,0,0,0.0,0,0,0.0,0,0.0,0.0,0.0,128.0,0.0,158990336.0
swin_base_patch4_window7_224,swin,224,30339548928.0,15169774464.0,87704680.0,383339840,6422528,375,375,79.14530597184994,1,38535168.0,1605632,0,0.0,0,0,0.0,0,52,20348616704.0,63627168,48,9865003008.0,49774592,0,0.0,0,0,0.0,0,,,,0,0.0,0,0,0.0,0,24,0.0,49774592,0.0,0.0,0.0,53.0,0.0,29503488.0
swin_small_patch4_window7_224,swin,224,17089992000.0,8544996000.0,49558600.0,287506880,4816896,375,375,59.442027961209135,1,28901376.0,1204224,0,0.0,0,0,0.0,0,52,11446480896.0,47721376,48,5549064192.0,37330944,0,0.0,0,0,0.0,0,,,,0,0.0,0,0,0.0,0,24,0.0,37330944,0.0,0.0,0.0,53.0,0.0,22127616.0
swin_tiny_patch4_window7_224,swin,224,8743703616.0,4371851808.0,28265032.0,178900928,4816896,195,195,48.87455707328695,1,28901376.0,1204224,0,0.0,0,0,0.0,0,28,5897416704.0,29658016,24,2774532096.0,22880256,0,0.0,0,0,0.0,0,,,,0,0.0,0,0,0.0,0,12,0.0,22880256,0.0,0.0,0.0,29.0,0.0,14902272.0
vit_base_patch16_224,vit,224,33697001472.0,16848500736.0,86377192.0,236025760,2420736,225,225,142.76832101716354,1,231211008.0,602112,0,0.0,0,0,0.0,0,25,22311038976.0,36315040,24,11154751488.0,29048832,0,0.0,0,0,0.0,0,,,,0,0.0,0,0,0.0,0,12,0.0,29048832,0.0,0.0,0.0,25.0,0.0,15129600.0
vit_base_patch16_384,vit,224,33697001472.0,16848500736.0,86377192.0,236025760,2420736,225,225,142.76832101716354,1,231211008.0,602112,0,0.0,0,0,0.0,0,25,22311038976.0,36315040,24,11154751488.0,29048832,0,0.0,0,0,0.0,0,,,,0,0.0,0,0,0.0,0,12,0.0,29048832,0.0,0.0,0.0,25.0,0.0,15129600.0
vit_large_patch16_224,vit,224,119294345216.0,59647172608.0,304023528.0,624553888,3227648,441,441,191.00728937580482,1,308281344.0,802816,0,0.0,0,0,0.0,0,49,79324725248.0,96833440,48,39661338624.0,77463552,0,0.0,0,0,0.0,0,,,,0,0.0,0,0,0.0,0,24,0.0,77463552,0.0,0.0,0.0,49.0,0.0,39538688.0
vit_large_patch16_384,vit,224,119294345216.0,59647172608.0,304023528.0,624553888,3227648,441,441,191.00728937580482,1,308281344.0,802816,0,0.0,0,0,0.0,0,49,79324725248.0,96833440,48,39661338624.0,77463552,0,0.0,0,0,0.0,0,,,,0,0.0,0,0,0.0,0,24,0.0,77463552,0.0,0.0,0.0,49.0,0.0,39538688.0
vit_small_patch16_224,vit,224,8482437120.0,4241218560.0,21955432.0,118014880,1210368,225,225,71.87599665398126,1,115605504.0,301056,0,0.0,0,0,0.0,0,25,5578143744.0,18159520,24,2788687872.0,14524416,0,0.0,0,0,0.0,0,,,,0,0.0,0,0,0.0,0,12,0.0,14524416,0.0,0.0,0.0,25.0,0.0,7564800.0
vit_small_patch16_384,vit,224,8482437120.0,4241218560.0,21955432.0,118014880,1210368,225,225,71.87599665398126,1,115605504.0,301056,0,0.0,0,0,0.0,0,25,5578143744.0,18159520,24,2788687872.0,14524416,0,0.0,0,0,0.0,0,,,,0,0.0,0,0,0.0,0,12,0.0,14524416,0.0,0.0,0.0,25.0,0.0,7564800.0
yolo11l.pt,yolo11,640,87613491200.0,43806745600.0,25372160.0,1104544000,26214400,517,517,79.32096068603876,77,53113651200.0,132096000,89,33706240000.0,200352000,8,90316800.0,20070400,0,0.0,0,0,0.0,0,3,0.0,1228800,2,0.0,16384000,,,,159,0.0,343449600,0,0.0,0,0,0.0,0,167.0,0.0,347545600.0,0.0,0.0,0.0
yolo11m.pt,yolo11,640,68528384000.0,34264192000.0,20114688.0,869843200,26214400,334,334,78.78245642433026,45,40845312000.0,94412800,61,27047782400.0,160211200,7,88473600.0,19660800,0,0.0,0,0,0.0,0,3,0.0,1228800,2,0.0,16384000,,,,102,0.0,267264000,0,0.0,0,0,0.0,0,106.0,0.0,269312000.0,0.0,0.0,0.0
yolo11n.pt,yolo11,640,6614336000.0,3307168000.0,2624080.0,217580800,6553600,259,259,30.399447010030297,35,4128768000.0,25395200,46,2326374400.0,39225600,7,25920000.0,5760000,0,0.0,0,0,0.0,0,3,0.0,614400,2,0.0,4915200,,,,77,0.0,64384000,0,0.0,0,0,0.0,0,81.0,0.0,65408000.0,0.0,0.0,0.0
yolo11s.pt,yolo11,640,21718374400.0,10859187200.0,9458752.0,407609600,13107200,259,259,53.2822936456845,35,12828672000.0,46489600,46,8591206400.0,71328000,7,47001600.0,10444800,0,0.0,0,0,0.0,0,3,0.0,1228800,2,0.0,9830400,,,,77,0.0,121241600,0,0.0,0,0,0.0,0,81.0,0.0,123289600.0,0.0,0.0,0.0
yolov10l.pt,yolov10,640,127874713600.0,63937356800.0,25888688.0,1376236800,26214400,523,523,92.91621441891395,52,85111603200.0,174080000,76,41459148800.0,181433600,52,418406400.0,92979200,0,0.0,0,0,0.0,0,3,0.0,1228800,2,0.0,16384000,,,,160,0.0,431718400,0,0.0,0,0,0.0,0,167.0,0.0,438681600.0,0.0,0.0,0.0
yolov10m.pt,yolov10,640,64477209600.0,32238604800.0,16576768.0,883948800,19660800,409,409,72.94224461869285,44,41317171200.0,108134400,64,22367692800.0,128236800,34,230169600.0,51148800,0,0.0,0,0,0.0,0,3,0.0,1382400,2,0.0,13516800,,,,122,0.0,271411200,0,0.0,0,0,0.0,0,129.0,0.0,277708800.0,0.0,0.0,0.0
yolov10n.pt,yolov10,640,8740428800.0,4370214400.0,2775520.0,282246400,6553600,308,308,30.96737035441373,34,5691801600.0,32358400,54,2803558400.0,49235200,20,71091200.0,13977600,0,0.0,0,0,0.0,0,3,0.0,614400,2,0.0,4915200,,,,87,0.0,82892800,0,0.0,0,0,0.0,0,95.0,0.0,85760000.0,0.0,0.0,0.0
yolov10s.pt,yolov10,640,25109760000.0,12554880000.0,8128272.0,518944000,13107200,321,321,48.38626133070235,32,14627635200.0,55296000,56,9998592000.0,85587200,24,159948800.0,28262400,0,0.0,0,0,0.0,0,3,0.0,1228800,2,0.0,9830400,,,,90,0.0,152780800,0,0.0,0,0,0.0,0,99.0,0.0,159334400.0,0.0,0.0,0.0
yolov5lu.pt,yolov5,640,135624960000.0,67812480000.0,53225024.0,988627200,26214400,355,355,137.18513915053117,52,109618790400.0,153395200,68,25370060800.0,167174400,0,0.0,0,0,0.0,0,0,0.0,0,3,0.0,2457600,2,0.0,9830400,,,,113,0.0,315596800,0,0.0,0,0,0.0,0,113.0,0.0,315596800.0,0.0,0.0,0.0
yolov5mu.pt,yolov5,640,64606464000.0,32303232000.0,25111456.0,627974400,19660800,289,289,102.88072889595499,41,51137740800.0,96460800,57,13068134400.0,106963200,0,0.0,0,0,0.0,0,0,0.0,0,3,0.0,1843200,2,0.0,7372800,,,,91,0.0,198451200,0,0.0,0,0,0.0,0,91.0,0.0,198451200.0,0.0,0.0,0.0
yolov5nu.pt,yolov5,640,7840102400.0,3920051200.0,2654816.0,185145600,6553600,223,223,42.345604756472746,30,6276096000.0,29542400,46,1448806400.0,32416000,0,0.0,0,0,0.0,0,0,0.0,0,3,0.0,614400,2,0.0,2457600,,,,69,0.0,56985600,0,0.0,0,0,0.0,0,69.0,0.0,56985600.0,0.0,0.0,0.0
yolov5su.pt,yolov5,640,24212940800.0,12106470400.0,9153152.0,345964800,13107200,223,223,69.98671772388404,30,18667929600.0,52633600,46,5327513600.0,59859200,0,0.0,0,0,0.0,0,0,0.0,0,3,0.0,1228800,2,0.0,4915200,,,,69,0.0,107520000,0,0.0,0,0,0.0,0,69.0,0.0,107520000.0,0.0,0.0,0.0
yolov6l.yaml,yolov6,640,390841804800.0,195420902400.0,110926464.0,1112736000,26214400,331,331,351.2439651453714,101,388723507200.0,359014400,11,975923200.0,7430400,0,0.0,0,0,0.0,0,0,0.0,0,3,0.0,1228800,0,0.0,0,,,,0,0.0,0,105,0.0,361472000,0,0.0,0,105.0,0.0,361472000.0,0.0,0.0,0.0
yolov6m.yaml,yolov6,640,160969267200.0,80484633600.0,52020496.0,629817600,19660800,253,253,255.58077005151966,75,159318835200.0,199987200,11,1009920000.0,7276800,0,0.0,0,0,0.0,0,0,0.0,0,3,0.0,1382400,0,0.0,0,,,,0,0.0,0,79,0.0,202291200,0,0.0,0,79.0,0.0,202291200.0,0.0,0.0,0.0
yolov6n.yaml,yolov6,640,13026457600.0,6513228800.0,4500080.0,160569600,6553600,175,175,81.12654948383754,49,12572467200.0,48896000,11,328140800.0,5894400,0,0.0,0,0,0.0,0,0,0.0,0,3,0.0,614400,0,0.0,0,,,,0,0.0,0,53,0.0,49817600,0,0.0,0,53.0,0.0,49817600.0,0.0,0.0,0.0
yolov6s.yaml,yolov6,640,44559104000.0,22279552000.0,16452192.0,287136000,13107200,175,175,155.1846651064304,49,43493990400.0,88115200,11,780339200.0,6816000,0,0.0,0,0,0.0,0,0,0.0,0,3,0.0,1228800,0,0.0,0,,,,0,0.0,0,53,0.0,89958400,0,0.0,0,53.0,0.0,89958400.0,0.0,0.0,0.0
yolov8l.pt,yolov8,640,165742848000.0,82871424000.0,43691520.0,934560000,26214400,307,307,177.34853620955315,79,139463884800.0,216473600,25,25684633600.0,81568000,0,0.0,0,0,0.0,0,0,0.0,0,3,0.0,1228800,2,0.0,16384000,,,,97,0.0,293068800,0,0.0,0,0,0.0,0,97.0,0.0,293068800.0,0.0,0.0,0.0
yolov8m.pt,yolov8,640,79320422400.0,39660211200.0,25902640.0,611385600,19660800,247,247,129.73878089376,59,64851148800.0,129331200,25,14085580800.0,64108800,0,0.0,0,0,0.0,0,0,0.0,0,3,0.0,1382400,2,0.0,13516800,,,,77,0.0,188467200,0,0.0,0,0,0.0,0,77.0,0.0,188467200.0,0.0,0.0,0.0
yolov8n.pt,yolov8,640,8857548800.0,4428774400.0,3157200.0,186374400,6553600,187,187,47.52556574293465,39,7072358400.0,35276800,25,1671628800.0,25248000,0,0.0,0,0,0.0,0,0,0.0,0,3,0.0,614400,2,0.0,4915200,,,,57,0.0,55552000,0,0.0,0,0,0.0,0,57.0,0.0,55552000.0,0.0,0.0,0.0
yolov8s.pt,yolov8,640,28816844800.0,14408422400.0,11166560.0,348422400,13107200,187,187,82.70663654231186,39,22383820800.0,64102400,25,6218803200.0,45523200,0,0.0,0,0,0.0,0,0,0.0,0,3,0.0,1228800,2,0.0,9830400,,,,57,0.0,104652800,0,0.0,0,0,0.0,0,57.0,0.0,104652800.0,0.0,0.0,0.0
yolov9c.pt,yolov9,640,104022681600.0,52011340800.0,25590912.0,1100038400,26214400,494,494,94.56277308137606,67,71988019200.0,142745600,94,31346944000.0,201990400,0,0.0,0,0,0.0,0,0,0.0,0,3,0.0,1228800,2,0.0,16384000,,,,138,0.0,320921600,0,0.0,0,0,0.0,0,154.0,0.0,339763200.0,0.0,0.0,0.0
yolov9m.pt,yolov9,640,77866521600.0,38933260800.0,20216160.0,876704000,15360000,479,479,88.81734496477716,67,58723891200.0,118553600,89,18592486400.0,158419200,0,0.0,0,0,0.0,0,0,0.0,0,3,0.0,1152000,2,0.0,12288000,,,,133,0.0,255078400,0,0.0,0,0,0.0,0,149.0,0.0,272000000.0,0.0,0.0,0.0
yolov9s.pt,yolov9,640,27555276800.0,13777638400.0,7318368.0,533152000,13107200,721,721,51.68371646359763,119,21823488000.0,89088000,109,5401241600.0,79520000,0,0.0,0,0,0.0,0,0,0.0,0,3,0.0,614400,2,0.0,6553600,,,,179,0.0,147046400,0,0.0,0,0,0.0,0,221.0,0.0,163635200.0,0.0,0.0,0.0
yolov9t.pt,yolov9,640,8482764800.0,4241382400.0,2128720.0,278739200,6553600,721,721,30.43262232222809,119,6843801600.0,47769600,109,1467238400.0,42246400,0,0.0,0,0,0.0,0,0,0.0,0,3,0.0,307200,2,0.0,3276800,,,,179,0.0,76748800,0,0.0,0,0,0.0,0,221.0,0.0,85043200.0,0.0,0.0,0.0
